Id,FirstName,LastName,Email,Phone,Company,JobTitle,Country,City,Address
1,James,Rodriguez,mia909@yahoo.com,+1-127-232-8483,NextGen Tech,HR Specialist,Canada,London,568 River Way
2,Liam,Rodriguez,ethan875@outlook.com,+1-606-160-3224,Beta Services,Product Manager,India,Los Angeles,7418 Maple Dr
3,Ethan,Gonzalez,alexander274@company.com,+1-602-332-3355,Innovate Co,Product Manager,Canada,Berlin,3701 Oak Ave
4,Liam,Lopez,ava699@yahoo.com,+1-404-814-9444,Prime Solutions,Software Engineer,India,Paris,9884 Main St
5,Henry,Smith,james576@company.com,+1-631-429-9466,Innovate Co,Consultant,Mexico,New York,3155 Pine Rd
6,Ava,Moore,mason972@example.org,+1-734-460-2644,Acme Corp,Designer,Australia,Berlin,3541 Cedar Lane
7,Emma,Hernandez,noah488@example.org,+1-813-900-8620,NextGen Tech,Sales Rep,Mexico,Berlin,5244 Oak Ave
8,Olivia,Anderson,james553@gmail.com,+1-858-894-9956,Innovate Co,Software Engineer,Australia,Toronto,8349 River Way
9,James,Miller,noah791@outlook.com,+1-770-614-5725,Alpha Industries,Data Analyst,India,Toronto,3914 Oak Ave
10,Mason,Taylor,henry649@example.org,+1-383-393-7060,Prime Solutions,Designer,Mexico,São Paulo,1063 Elm St
11,Mason,Thomas,liam927@example.org,+1-760-300-5319,Prime Solutions,Product Manager,Brazil,São Paulo,7445 Oak Ave
12,Harper,Jones,noah785@yahoo.com,+1-271-336-3986,Prime Solutions,Sales Rep,UK,Paris,694 River Way
13,James,Brown,benjamin884@gmail.com,+1-584-800-5133,NextGen Tech,HR Specialist,Germany,London,4189 Oak Ave
14,William,Johnson,lucas905@gmail.com,+1-849-225-2822,Innovate Co,Consultant,Japan,Toronto,2663 Main St
15,Mason,Taylor,william100@outlook.com,+1-737-612-5636,Beta Services,Product Manager,Australia,São Paulo,2953 Cedar Lane